Title,Author,Publisher,Date
소년이 온다,한강,창비,2014.05.19
채식주의자,한강,창비,2022.03.28
작별하지 않는다,한강,문학동네,2021.09.09
흰,한강,문학동네,2018.04.25
희랍어 시간,한강,문학동네,2011.11.10
디 에센셜: 한강(무선 보급판),한강,문학동네,2023.06.01
모순,양귀자,쓰다,2013.04.01
여수의 사랑,한강,문학과지성사,2018.11.09
급류,정대건,민음사,2022.12.22
작은 땅의 야수들(리커버 무선판),김주혜,다산책방,2023.06.19
빛이 이끄는 곳으로,백희성,북로망스,2024.08.21
바람이 분다 가라,한강,문학과지성사,2010.02.26
대도시의 사랑법,박상영,창비,2019.06.28
내 여자의 열매,한강,문학과지성사,2018.11.09
이중 하나는 거짓말,김애란,문학동네,2024.08.27
그대의 차가운 손,한강,문학과지성사,2002.01.18
한강: 회복하는 인간(Convalescence),한강,아시아,2013.06.15
검은 사슴,한강,문학동네,2017.12.20
영원한 천국,정유정,은행나무,2024.08.28
노랑무늬영원,한강,문학과지성사,2018.11.09
